{
  "following_v2": [
    {
      "name": "Made by Google",
      "timestamp": 1685565385
    },
    {
      "name": "\u00d0\u009a\u00d0\u00be\u00d0\u00bd\u00d1\u0081\u00d1\u0083\u00d0\u00bb\u00d1\u008c\u00d1\u0081\u00d0\u00ba\u00d0\u00b8\u00d0\u00b9 \u00d0\u00be\u00d1\u0082\u00d0\u00b4\u00d0\u00b5\u00d0\u00bb \u00d0\u009f\u00d0\u00be\u00d1\u0081\u00d0\u00be\u00d0\u00bb\u00d1\u008c\u00d1\u0081\u00d1\u0082\u00d0\u00b2\u00d0\u00b0 \u00d0\u00a0\u00d0\u00be\u00d1\u0081\u00d1\u0081\u00d0\u00b8\u00d0\u00b8 \u00d0\u00b2 \u00d0\u00a1\u00d0\u00a8\u00d0\u0090",
      "timestamp": 1681693643
    },
    {
      "name": "Zemfira",
      "timestamp": 1676954818
    },
    {
      "name": "NU WildHacks 2023",
      "timestamp": 1676059291
    },
    {
      "name": "\u00d0\u00a1\u00d0\u00b2\u00d0\u00be\u00d0\u00b1\u00d0\u00be\u00d0\u00b4\u00d0\u00bd\u00d1\u008b\u00d0\u00b5 \u00d1\u0080\u00d0\u00be\u00d1\u0081\u00d1\u0081\u00d0\u00b8\u00d1\u008f\u00d0\u00bd\u00d0\u00b5 / Free Russians Global",
      "timestamp": 1674443405
    },
    {
      "name": "Northwestern University OISS",
      "timestamp": 1661966525
    },
    {
      "name": "Russian America for Democracy in Russia",
      "timestamp": 1659716944
    },
    {
      "name": "Downtown Evanston",
      "timestamp": 1659311752
    },
    {
      "name": "The Graduate School at Northwestern University",
      "timestamp": 1646839729
    },
    {
      "name": "Northwestern University Master of Science in Analytics",
      "timestamp": 1646408275
    },
    {
      "name": "Make Makovich",
      "timestamp": 1615730568
    },
    {
      "name": "Mikhail Khodorkovsky",
      "timestamp": 1612514699
    },
    {
      "name": "\u00d0\u009b\u00d0\u00b8\u00d0\u00b1\u00d0\u00b5\u00d1\u0080\u00d1\u0082\u00d0\u00b0\u00d1\u0080\u00d0\u00b8\u00d0\u00b0\u00d0\u00bd\u00d1\u0081\u00d0\u00ba\u00d0\u00b0\u00d1\u008f \u00d0\u00bf\u00d0\u00b0\u00d1\u0080\u00d1\u0082\u00d0\u00b8\u00d1\u008f \u00d0\u00a0\u00d0\u00be\u00d1\u0081\u00d1\u0081\u00d0\u00b8\u00d0\u00b8 - \u00d0\u009b\u00d0\u009f\u00d0\u00a0",
      "timestamp": 1611393279
    },
    {
      "name": "Tenants Union Fantoft",
      "timestamp": 1601636219
    },
    {
      "name": "\u00d0\u0090\u00d0\u00bb\u00d0\u00b5\u00d0\u00ba\u00d1\u0081\u00d0\u00b5\u00d0\u00b9 \u00d0\u009d\u00d0\u00b0\u00d0\u00b2\u00d0\u00b0\u00d0\u00bb\u00d1\u008c\u00d0\u00bd\u00d1\u008b\u00d0\u00b9",
      "timestamp": 1600557669
    },
    {
      "name": "Institute for Analytical Sociology",
      "timestamp": 1600506089
    },
    {
      "name": "Behave Lab",
      "timestamp": 1599464393
    },
    {
      "name": "R bloggers",
      "timestamp": 1598089761
    },
    {
      "name": "\u00d0\u0095\u00d0\u00ba\u00d0\u00b0\u00d1\u0082\u00d0\u00b5\u00d1\u0080\u00d0\u00b8\u00d0\u00bd\u00d0\u00b0 \u00d0\u00a8\u00d1\u0083\u00d0\u00bb\u00d1\u008c\u00d0\u00bc\u00d0\u00b0\u00d0\u00bd",
      "timestamp": 1596828189
    },
    {
      "name": "\u00d0\u0098\u00d0\u00b2\u00d0\u00b0\u00d0\u00bd \u00d0\u0093\u00d0\u00be\u00d0\u00bb\u00d1\u0083\u00d0\u00bd\u00d0\u00be\u00d0\u00b2",
      "timestamp": 1594460509
    },
    {
      "name": "Ilya Krasilshchik",
      "timestamp": 1593346810
    },
    {
      "name": "The Nerdwriter",
      "timestamp": 1585499739
    },
    {
      "name": "KEX Portland",
      "timestamp": 1583992742
    },
    {
      "name": "99% Invisible",
      "timestamp": 1582380107
    },
    {
      "name": "Barack Obama",
      "timestamp": 1577651989
    },
    {
      "name": "Pavel Durov",
      "timestamp": 1577561246
    },
    {
      "name": "\u00d0\u009b\u00d0\u00b8\u00d0\u00b1\u00d0\u00be/\u00d0\u009b\u00d0\u00b8\u00d0\u00b1\u00d0\u00be",
      "timestamp": 1571917136
    },
    {
      "name": "\u00d0\u00a2\u00d0\u00b0\u00d0\u00ba \u00d0\u00b2\u00d1\u008b\u00d1\u0088\u00d0\u00bb\u00d0\u00be",
      "timestamp": 1571917101
    },
    {
      "name": "Cafe Ambrosia",
      "timestamp": 1571751691
    },
    {
      "name": "Kogvit101",
      "timestamp": 1567075766
    },
    {
      "name": "Study Bergen",
      "timestamp": 1566588193
    },
    {
      "name": "The Centre for the Science of Learning and Technology - SLATE",
      "timestamp": 1565171168
    },
    {
      "name": "Synecdoche Montauk",
      "timestamp": 1564847407
    },
    {
      "name": "Fantoft Events",
      "timestamp": 1564830889
    },
    {
      "name": "Mikhail Svetov",
      "timestamp": 1522784391
    },
    {
      "name": "BulletBall Table Sport Game",
      "timestamp": 1521569605
    }
  ]
}