{
  "friends_v2": [
    {
      "name": "Alina Lungeanu",
      "timestamp": 1686178417
    },
    {
      "name": "Ali Kaan Kurbanzade",
      "timestamp": 1685769673
    },
    {
      "name": "Collin Jinks",
      "timestamp": 1683579890
    },
    {
      "name": "Chenyu You",
      "timestamp": 1682549626
    },
    {
      "name": "Minsung Chun",
      "timestamp": 1682549613
    },
    {
      "name": "Jasmine Wu",
      "timestamp": 1681098974
    },
    {
      "name": "\u00e8\u008e\u008a\u00e6\u0098\u0080\u00e8\u00bb\u0092",
      "timestamp": 1680668253
    },
    {
      "name": "Diego G\u00c3\u00b3mez Zar\u00c3\u00a1",
      "timestamp": 1679366884
    },
    {
      "name": "Moses Boudourides",
      "timestamp": 1678835337
    },
    {
      "name": "Nica Kostenko",
      "timestamp": 1673594753
    },
    {
      "name": "Sierra Yi",
      "timestamp": 1672265953
    },
    {
      "name": "\u00d0\u00a7\u00d0\u00b8\u00d0\u00bd\u00d0\u00b3\u00d0\u00b8\u00d0\u00b7 \u00d0\u0090\u00d0\u00b9\u00d0\u00b4\u00d0\u00b0\u00d1\u0080\u00d0\u00be\u00d0\u00b2",
      "timestamp": 1671344955
    },
    {
      "name": "Daria Khodorenko",
      "timestamp": 1670578870
    },
    {
      "name": "Zhang Jiahao",
      "timestamp": 1670081293
    },
    {
      "name": "Veronika Ivashkevich",
      "timestamp": 1666491708
    },
    {
      "name": "Rita Kuleva",
      "timestamp": 1663628286
    },
    {
      "name": "Jiezhong Wu",
      "timestamp": 1663105334
    },
    {
      "name": "Noshir Contractor",
      "timestamp": 1662837878
    },
    {
      "name": "Neelam Modi",
      "timestamp": 1659801266
    },
    {
      "name": "Aleksandra Lanskikh",
      "timestamp": 1659582201
    },
    {
      "name": "Moh Hosseinioun",
      "timestamp": 1658427190
    },
    {
      "name": "Irina Busurkina",
      "timestamp": 1658426024
    },
    {
      "name": "Anthony Goeckner",
      "timestamp": 1658355578
    },
    {
      "name": "Aldo Diaz",
      "timestamp": 1658106010
    },
    {
      "name": "Megan Alexis Chan",
      "timestamp": 1657826500
    },
    {
      "name": "Alex Knorre",
      "timestamp": 1655502666
    },
    {
      "name": "Daria Maltseva",
      "timestamp": 1655502657
    },
    {
      "name": "\u00d0\u0090\u00d0\u00bb\u00d0\u00b8\u00d1\u0081\u00d0\u00b0 \u00d0\u00a1\u00d0\u00bc\u00d0\u00be\u00d1\u0080\u00d0\u00b6",
      "timestamp": 1647207173
    },
    {
      "name": "Nada Orlova",
      "timestamp": 1647207163
    },
    {
      "name": "Viktor  Karepin",
      "timestamp": 1640199869
    },
    {
      "name": "Mohammad Khalil",
      "timestamp": 1609492124
    },
    {
      "name": "Ekaterina Dodonova",
      "timestamp": 1606820311
    },
    {
      "name": "Nika Yashina",
      "timestamp": 1603180933
    },
    {
      "name": "Ekaterina Skriptsova",
      "timestamp": 1590396569
    },
    {
      "name": "Olga Iarygina",
      "timestamp": 1582724568
    },
    {
      "name": "Anna Prishchak",
      "timestamp": 1577010748
    },
    {
      "name": "Stian Botnevik",
      "timestamp": 1576181506
    },
    {
      "name": "Andrey Belinskiy",
      "timestamp": 1576181493
    },
    {
      "name": "Maria Ovchinnikova",
      "timestamp": 1576105223
    },
    {
      "name": "Amanda Nalbant Nordpoll",
      "timestamp": 1573647586
    },
    {
      "name": "\u00d0\u0092\u00d0\u00b8\u00d1\u0082\u00d0\u00b0\u00d0\u00bb\u00d0\u00b8\u00d0\u00b9 \u00d0\u009b\u00d0\u00b8\u00d1\u0082\u00d0\u00b2\u00d0\u00b8\u00d0\u00bd\u00d0\u00be\u00d0\u00b2",
      "timestamp": 1573641472
    },
    {
      "name": "Pavel Guliaev",
      "timestamp": 1573283655
    },
    {
      "name": "Nathanael Meile",
      "timestamp": 1572941143
    },
    {
      "name": "Liv Torill S\u00c3\u00b8vde Ravnskog",
      "timestamp": 1572641047
    },
    {
      "name": "Samuele Peruzzo",
      "timestamp": 1569494993
    },
    {
      "name": "Julie Litvinova",
      "timestamp": 1569020711
    },
    {
      "name": "Anna Shirokanova",
      "timestamp": 1568636567
    },
    {
      "name": "Claudia Colella",
      "timestamp": 1568063309
    },
    {
      "name": "\u00d0\u00a1\u00d0\u00bb\u00d0\u00be\u00d0\u00bd \u00d0\u0090\u00d0\u00bb\u00d0\u00b5\u00d0\u00ba\u00d1\u0081\u00d0\u00b0\u00d0\u00bd\u00d0\u00b4\u00d1\u0080\u00d0\u00be\u00d0\u00b2",
      "timestamp": 1568043866
    },
    {
      "name": "Vian Rasheed",
      "timestamp": 1567874753
    },
    {
      "name": "Anna Novozhilova",
      "timestamp": 1567254574
    },
    {
      "name": "Olga  Dornostup",
      "timestamp": 1566993741
    },
    {
      "name": "Alexander Sirotkin",
      "timestamp": 1566976377
    },
    {
      "name": "Rachel Friedrichs",
      "timestamp": 1566970454
    },
    {
      "name": "Ksenia Tenisheva",
      "timestamp": 1566939171
    },
    {
      "name": "Daria Chuprina",
      "timestamp": 1566938085
    },
    {
      "name": "Federica Petrillo",
      "timestamp": 1566937113
    },
    {
      "name": "H\u00c3\u00a5vard Brynjulfsen",
      "timestamp": 1566481625
    },
    {
      "name": "Alina Cherepanova",
      "timestamp": 1566291961
    },
    {
      "name": "Ertugrul Altun",
      "timestamp": 1566142896
    },
    {
      "name": "Victor Bowman",
      "timestamp": 1565890035
    },
    {
      "name": "Eva Ad",
      "timestamp": 1565878827
    },
    {
      "name": "Twiggy Tong",
      "timestamp": 1565821191
    },
    {
      "name": "Vegard Brevik",
      "timestamp": 1565800020
    },
    {
      "name": "Ryosuke Kimura",
      "timestamp": 1565786834
    },
    {
      "name": "Christina Utz",
      "timestamp": 1565780399
    },
    {
      "name": "Andr\u00c3\u00a9 Saponara Kfouri",
      "timestamp": 1565743373
    },
    {
      "name": "Oleg  Litvinov",
      "timestamp": 1565698815
    },
    {
      "name": "Snorre Alvsv\u00c3\u00a5g",
      "timestamp": 1565612271
    },
    {
      "name": "Kiley Grundstrom",
      "timestamp": 1565341000
    },
    {
      "name": "Eva Roeren",
      "timestamp": 1565285558
    },
    {
      "name": "Anastasiia Vlasenko",
      "timestamp": 1565274698
    },
    {
      "name": "Vadim  Voskresensky",
      "timestamp": 1565265688
    },
    {
      "name": "Daria Maglevanaia",
      "timestamp": 1565264532
    },
    {
      "name": "Anastasiya Kuznetsova",
      "timestamp": 1565247515
    },
    {
      "name": "Denis Bulygin",
      "timestamp": 1565245520
    },
    {
      "name": "Ilya Musabirov",
      "timestamp": 1565217321
    },
    {
      "name": "Anastasia Menshikova",
      "timestamp": 1565216947
    },
    {
      "name": "Aina  Nurmagombetova",
      "timestamp": 1565205265
    },
    {
      "name": "Ilja Zisman",
      "timestamp": 1565202066
    },
    {
      "name": "\u00d0\u0090\u00d0\u00bb\u00d0\u00b5\u00d0\u00ba\u00d1\u0081\u00d0\u00b0\u00d0\u00bd\u00d0\u00b4\u00d1\u0080 \u00d0\u009d\u00d0\u00b8\u00d0\u00ba\u00d1\u0083\u00d0\u00bb\u00d0\u00b8\u00d0\u00bd",
      "timestamp": 1565198874
    },
    {
      "name": "Alina Bakhitova",
      "timestamp": 1565193535
    },
    {
      "name": "Elisaveta Ardashova",
      "timestamp": 1565190164
    },
    {
      "name": "Olga Silyutina",
      "timestamp": 1565189956
    },
    {
      "name": "Aleksei Gorgadze",
      "timestamp": 1565189644
    },
    {
      "name": "Stas Pozdniakov",
      "timestamp": 1565189624
    },
    {
      "name": "Katja Marchenko",
      "timestamp": 1565189502
    },
    {
      "name": "Anders Hannevold",
      "timestamp": 1565035191
    },
    {
      "name": "Stine Ruud Larsen",
      "timestamp": 1565034936
    },
    {
      "name": "Ayako Sekimoto",
      "timestamp": 1565034931
    },
    {
      "name": "Tachibana Yotaro",
      "timestamp": 1564995158
    }
  ]
}