{
  "rejected_requests_v2": [
    {
      "name": "\u00d0\u0092\u00d0\u00b5\u00d0\u00bb\u00d0\u00b8\u00d0\u00bc\u00d0\u00b8\u00d1\u0080 \u00d0\u00a5\u00d0\u00bb\u00d0\u00b5\u00d0\u00b1\u00d0\u00bd\u00d0\u00b8\u00d0\u00ba\u00d0\u00be\u00d0\u00b2",
      "timestamp": 1671467132
    },
    {
      "name": "\u00d0\u0094\u00d0\u00b0\u00d0\u00bd\u00d0\u00b8\u00d0\u00b8\u00d0\u00bb \u00d0\u00a5\u00d0\u00b0\u00d1\u0080\u00d0\u00bc\u00d1\u0081",
      "timestamp": 1671453535
    },
    {
      "name": "Samir Harb",
      "timestamp": 1671548737
    },
    {
      "name": "Portia Kpodo",
      "timestamp": 1661642512
    },
    {
      "name": "\u00d0\u00af\u00d0\u00bd\u00d0\u00b0 \u00d0\u00a1\u00d1\u0083\u00d1\u0089\u00d0\u00b5\u00d0\u00b2\u00d1\u0081\u00d0\u00ba\u00d0\u00b0\u00d1\u008f",
      "timestamp": 1630218958
    },
    {
      "name": "Alex Torkhov",
      "timestamp": 1633094437
    },
    {
      "name": "Jayne Johnson",
      "timestamp": 1648884052
    },
    {
      "name": "Juliana Fenander",
      "timestamp": 1625850968
    },
    {
      "name": "Sandra Lipford",
      "timestamp": 1622552218
    },
    {
      "name": "Nikita Marushchak",
      "timestamp": 1593722905
    },
    {
      "name": "Anastasia Golubeva",
      "timestamp": 1585851413
    },
    {
      "name": "Jimmy Rizk",
      "timestamp": 1584350615
    },
    {
      "name": "\u00d9\u0085\u00d8\u00ad\u00d9\u0085\u00d8\u00af \u00d8\u00a7\u00d9\u0084\u00d9\u0086\u00d8\u00ac\u00d8\u00a7\u00d8\u00b1",
      "timestamp": 1577095975
    },
    {
      "name": "\u00d0\u0090\u00d0\u00bd\u00d1\u0082\u00d0\u00be\u00d0\u00bd \u00d0\u009f\u00d0\u00be\u00d1\u0082\u00d0\u00be\u00d0\u00bb\u00d0\u00ba\u00d0\u00be\u00d0\u00b2",
      "timestamp": 1518527081
    }
  ]
}